{
  "cheese pizza": 8,
  "hamburger": 4,
  "cheeseburger": 5,
  "bacon burger": 6,
  "bacon cheeseburger": 7,
  "little hamburger": 4,
  "little cheeseburger": 4,
  "little bacon burger": 5,
  "little bacon cheeseburger": 7,
  "veggie sandwich": 6,
  "cheese veggie sandwich": 3,
  "grilled cheese": 2,
  "cheese dog": 3,
  "bacon dog": 3,
  "bacon cheese dog": 2,
  "pasta": 8,
  "beer": 3,
  "bud light": 3,
  "budweiser": 3,
  "miller lite": 2,
  "milk shake": 3,
  "tea": 2,
  "sweet tea": 2,
  "coffee": 1,
  "hot tea": 2,
  "champagne": 28,
  "wine": 15,
  "limonade": 4,
  "coca-cola": 3,
  "diet-coke": 2,
  "water": 1,
  "sprite": 2,
  "orange juice": 3,
  "iced coffee": 2
}