{
  "cheese pizza": 10,
  "hamburger": 5,
  "cheeseburger": 6,
  "bacon burger": 7,
  "bacon cheeseburger": 8,
  "little hamburger": 3,
  "little cheeseburger": 4,
  "little bacon burger": 5,
  "little bacon cheeseburger": 6,
  "veggie sandwich": 5,
  "cheese veggie sandwich": 4,
  "grilled cheese": 3,
  "cheese dog": 2,
  "bacon dog": 3,
  "bacon cheese dog": 2,
  "pasta": 10,
  "beer": 4,
  "bud light": 4,
  "budweiser": 4,
  "miller lite": 3,
  "milk shake": 3,
  "tea": 2,
  "sweet tea": 3,
  "coffee": 1,
  "hot tea": 2,
  "champagne": 30,
  "wine": 20,
  "limonade": 5,
  "coca-cola": 3,
  "diet-coke": 2,
  "water": 1,
  "sprite": 3,
  "orange juice": 2,
  "iced coffee": 2
}