{
  "cheese pizza": 8,
  "hamburger": 6,
  "cheeseburger": 7,
  "bacon burger": 8,
  "bacon cheeseburger": 9,
  "little hamburger": 2,
  "little cheeseburger": 3,
  "little bacon burger": 4,
  "little bacon cheeseburger": 5,
  "veggie sandwich": 7,
  "cheese veggie sandwich": 6,
  "grilled cheese": 5,
  "cheese dog": 4,
  "bacon dog": 5,
  "bacon cheese dog": 4,
  "pasta": 8,
  "beer": 5,
  "bud light": 5,
  "budweiser": 6,
  "miller lite": 2,
  "milk shake": 4,
  "tea": 3,
  "sweet tea": 4,
  "coffee": 2,
  "hot tea": 3,
  "champagne": 40,
  "wine": 30,
  "limonade": 6,
  "coca-cola": 4,
  "diet-coke": 3,
  "water": 2,
  "sprite": 3,
  "orange juice": 4,
  "iced coffee": 3
}